date,instrument,group,point_id,display_name,longitude_WGS84,latitude_WGS84,elevation_m,original_label,data_class,elevation_source,quality_flags
2026-04-11,ERT,ERT electrodes,01,0411-E01,-91.584485,41.664957,211.16,ERT 01,real,provided_in_source,
2026-04-11,ERT,ERT electrodes,02,0411-E02,-91.58449275,41.66497405,212.175,ERT 02,real,provided_in_source,
2026-04-11,ERT,ERT electrodes,03,0411-E03,-91.58450249,41.66499048,211.317,ERT 03,real,provided_in_source,
2026-04-11,ERT,ERT electrodes,04,0411-E04,-91.58451065,41.66500717,210.509,ERT 04,real,provided_in_source,
2026-04-11,ERT,ERT electrodes,05,0411-E05,-91.58451289,41.6650251,211.719,ERT 05,real,provided_in_source,
2026-04-11,ERT,ERT electrodes,06,0411-E06,-91.58451565,41.66504299,211.408,ERT 06,real,provided_in_source,
2026-04-11,ERT,ERT electrodes,07,0411-E07,-91.58451847,41.66506088,211.129,ERT 07,real,provided_in_source,
2026-04-11,ERT,ERT electrodes,08,0411-E08,-91.58452137,41.66507876,211.433,ERT 08,real,provided_in_source,
2026-04-11,ERT,ERT electrodes,09,0411-E09,-91.58452429,41.66509663,211.686,ERT 09,real,provided_in_source,
2026-04-11,ERT,ERT electrodes,10,0411-E10,-91.5845275,41.66511448,211.425,ERT 10,real,provided_in_source,
2026-04-11,ERT,ERT electrodes,11,0411-E11,-91.5845307,41.66513233,211.164,ERT 11,real,provided_in_source,
2026-04-11,ERT,ERT electrodes,12,0411-E12,-91.58453475,41.66515009,211.676,ERT 12,real,provided_in_source,
2026-04-11,ERT,ERT electrodes,13,0411-E13,-91.58453944,41.66516773,212.03,ERT 13,real,provided_in_source,
2026-04-11,ERT,ERT electrodes,14,0411-E14,-91.58454609,41.66518504,211.52,ERT 14,real,provided_in_source,
2026-04-11,ERT,ERT electrodes,15,0411-E15,-91.58455275,41.66520235,211.009,ERT 15,real,provided_in_source,
2026-04-11,ERT,ERT electrodes,16,0411-E16,-91.5845558,41.6652202,211.142,ERT 16,real,provided_in_source,
2026-04-11,ERT,ERT electrodes,17,0411-E17,-91.58455871,41.66523808,211.3,ERT 17,real,provided_in_source,
2026-04-11,ERT,ERT electrodes,18,0411-E18,-91.58456305,41.66525577,211.568,ERT 18,real,provided_in_source,
2026-04-11,ERT,ERT electrodes,19,0411-E19,-91.58456853,41.66527331,211.925,ERT 19,real,provided_in_source,
2026-04-11,ERT,ERT electrodes,20,0411-E20,-91.58457218,41.66529109,211.98,ERT 20,real,provided_in_source,
2026-04-11,ERT,ERT electrodes,21,0411-E21,-91.58457516,41.66530896,211.925,ERT 21,real,provided_in_source,
2026-04-11,ERT,ERT electrodes,22,0411-E22,-91.5845797,41.66532663,211.987,ERT 22,real,provided_in_source,
2026-04-11,ERT,ERT electrodes,23,0411-E23,-91.58458485,41.66534422,212.094,ERT 23,real,provided_in_source,
2026-04-11,ERT,ERT electrodes,24,0411-E24,-91.58459082,41.66536165,212.152,ERT 24,real,provided_in_source,
2026-04-11,ERT,ERT electrodes,25,0411-E25,-91.5845981,41.66537881,212.131,ERT 25,real,provided_in_source,
2026-04-11,ERT,ERT electrodes,26,0411-E26,-91.58460445,41.66539617,212.169,ERT 26,real,provided_in_source,
2026-04-11,ERT,ERT electrodes,27,0411-E27,-91.58460972,41.66541374,212.274,ERT 27,real,provided_in_source,
2026-04-11,ERT,ERT electrodes,28,0411-E28,-91.58461491,41.66543133,212.304,ERT 28,real,provided_in_source,
2026-04-11,ERT,ERT electrodes,29,0411-E29,-91.58461974,41.66544897,212.347,ERT 29,real,provided_in_source,
2026-04-11,ERT,ERT electrodes,30,0411-E30,-91.58462458,41.66546661,212.389,ERT 30,real,provided_in_source,
2026-04-11,ERT,ERT electrodes,31,0411-E31,-91.58462941,41.66548425,212.431,ERT 31,real,provided_in_source,
2026-04-11,ERT,ERT electrodes,32,0411-E32,-91.58463424,41.6655019,212.474,ERT 32,real,provided_in_source,
2026-04-11,ERT,ERT electrodes,33,0411-E33,-91.58463907,41.66551954,212.516,ERT 33,real,provided_in_source,
2026-04-11,ERT,ERT electrodes,34,0411-E34,-91.5846439,41.66553718,212.558,ERT 34,real,provided_in_source,
2026-04-11,ERT,ERT electrodes,35,0411-E35,-91.58464874,41.66555483,212.6,ERT 35,real,provided_in_source,
2026-04-11,ERT,ERT electrodes,36,0411-E36,-91.58465357,41.66557247,212.643,ERT 36,real,provided_in_source,
2026-04-11,ERT,ERT electrodes,37,0411-E37,-91.5846584,41.66559011,212.685,ERT 37,real,provided_in_source,
2026-04-11,ERT,ERT electrodes,38,0411-E38,-91.58466323,41.66560776,212.727,ERT 38,real,provided_in_source,
2026-04-11,ERT,ERT electrodes,39,0411-E39,-91.58466807,41.6656254,212.77,ERT 39,real,provided_in_source,
2026-04-11,ERT,ERT electrodes,40,0411-E40,-91.5846729,41.66564304,212.812,ERT 40,real,provided_in_source,
2026-04-11,ERT,ERT electrodes,41,0411-E41,-91.58467773,41.66566069,212.854,ERT 41,real,provided_in_source,
2026-04-11,ERT,ERT electrodes,42,0411-E42,-91.58468256,41.66567833,212.897,ERT 42,real,provided_in_source,
2026-04-11,ERT,ERT electrodes,43,0411-E43,-91.58468739,41.66569597,212.939,ERT 43,real,provided_in_source,
2026-04-11,ERT,ERT electrodes,44,0411-E44,-91.58469223,41.66571361,212.981,ERT 44,real,provided_in_source,
2026-04-11,ERT,ERT electrodes,45,0411-E45,-91.58469706,41.66573126,213.024,ERT 45,real,provided_in_source,
2026-04-11,ERT,ERT electrodes,46,0411-E46,-91.58470189,41.6657489,213.066,ERT 46,real,provided_in_source,
2026-04-11,ERT,ERT electrodes,47,0411-E47,-91.58470672,41.66576654,213.108,ERT 47,real,provided_in_source,
2026-04-11,ERT,ERT electrodes,48,0411-E48,-91.58471156,41.66578419,213.151,ERT 48,real,provided_in_source,
2026-04-11,Seismic GPS,Seismic GPS,01,0411-S01,-91.584485,41.664957,211.16,Ch52,real,provided_in_source,
2026-04-11,Seismic GPS,Seismic GPS,02,0411-S02,-91.584495,41.664979,212.47,Ch11,real,provided_in_source,
2026-04-11,Seismic GPS,Seismic GPS,03,0411-S03,-91.58451,41.665002,210.16,0011,real,provided_in_source,
2026-04-11,Seismic GPS,Seismic GPS,04,0411-S04,-91.584513,41.665026,211.78,0012,real,provided_in_source,
2026-04-11,Seismic GPS,Seismic GPS,05,0411-S05,-91.584518,41.665058,211.08,0013,real,provided_in_source,
2026-04-11,Seismic GPS,Seismic GPS,06,0411-S06,-91.584524,41.665095,211.71,0014,real,provided_in_source,
2026-04-11,Seismic GPS,Seismic GPS,07,0411-S07,-91.584531,41.665134,211.14,0015,real,provided_in_source,
2026-04-11,Seismic GPS,Seismic GPS,08,0411-S08,-91.584538,41.665164,212.14,0016,real,provided_in_source,
2026-04-11,Seismic GPS,Seismic GPS,09,0411-S09,-91.584553,41.665203,210.99,0017,real,provided_in_source,
2026-04-11,Seismic GPS,Seismic GPS,10,0411-S10,-91.58456,41.665246,211.37,0018,real,provided_in_source,
2026-04-11,Seismic GPS,Seismic GPS,11,0411-S11,-91.58457,41.665278,212.02,0019,real,provided_in_source,
2026-04-11,Seismic GPS,Seismic GPS,12,0411-S12,-91.584576,41.665314,211.91,0020,real,provided_in_source,
2026-04-11,Seismic GPS,Seismic GPS,13,0411-S13,-91.584588,41.665355,212.16,0021,real,provided_in_source,
2026-04-11,Seismic GPS,Seismic GPS,14,0411-S14,-91.584602,41.665388,212.12,0022,real,provided_in_source,
2026-04-11,Seismic GPS,Seismic GPS,15,0411-S15,-91.584614,41.665428,212.36,0023,real,provided_in_source,
2026-05-02,ERT,ERT electrodes,01,0502-E01,-91.58589965,41.66520083,212.25,ERT_000,real,provided_in_source,
2026-05-02,ERT,ERT electrodes,02,0502-E02,-91.5858958,41.665214,212.295,ERT_001,real,provided_in_source,
2026-05-02,ERT,ERT electrodes,03,0502-E03,-91.58589194,41.66522719,212.339,ERT_002,real,provided_in_source,
2026-05-02,ERT,ERT electrodes,04,0502-E04,-91.58588807,41.66524035,212.384,ERT_003,real,provided_in_source,
2026-05-02,ERT,ERT electrodes,05,0502-E05,-91.58588421,41.66525354,212.429,ERT_004,real,provided_in_source,
2026-05-02,ERT,ERT electrodes,06,0502-E06,-91.58588035,41.66526671,212.474,ERT_005,real,provided_in_source,
2026-05-02,ERT,ERT electrodes,07,0502-E07,-91.58587649,41.6652799,212.518,ERT_006,real,provided_in_source,
2026-05-02,ERT,ERT electrodes,08,0502-E08,-91.58587263,41.66529307,212.563,ERT_007,real,provided_in_source,
2026-05-02,ERT,ERT electrodes,09,0502-E09,-91.58586876,41.66530624,212.608,ERT_008,real,provided_in_source,
2026-05-02,ERT,ERT electrodes,10,0502-E10,-91.5858649,41.66531943,212.652,ERT_009,real,provided_in_source,
2026-05-02,ERT,ERT electrodes,11,0502-E11,-91.58586103,41.6653326,212.697,ERT_010,real,provided_in_source,
2026-05-02,ERT,ERT electrodes,12,0502-E12,-91.58585718,41.66534578,212.742,ERT_011,real,provided_in_source,
2026-05-02,ERT,ERT electrodes,13,0502-E13,-91.58585332,41.66535895,212.786,ERT_012,real,provided_in_source,
2026-05-02,ERT,ERT electrodes,14,0502-E14,-91.58584944,41.66537214,212.831,ERT_013,real,provided_in_source,
2026-05-02,ERT,ERT electrodes,15,0502-E15,-91.58584559,41.66538532,212.876,ERT_014,real,provided_in_source,
2026-05-02,ERT,ERT electrodes,16,0502-E16,-91.58584173,41.66539849,212.921,ERT_015,real,provided_in_source,
2026-05-02,ERT,ERT electrodes,17,0502-E17,-91.58583786,41.66541167,212.965,ERT_016,real,provided_in_source,
2026-05-02,ERT,ERT electrodes,18,0502-E18,-91.58583401,41.66542484,213.01,ERT_017,real,provided_in_source,
2026-05-02,ERT,ERT electrodes,19,0502-E19,-91.58583014,41.66543803,213.055,ERT_018,real,provided_in_source,
2026-05-02,ERT,ERT electrodes,20,0502-E20,-91.58582628,41.66545121,213.099,ERT_019,real,provided_in_source,
2026-05-02,ERT,ERT electrodes,21,0502-E21,-91.58582242,41.66546438,213.144,ERT_020,real,provided_in_source,
2026-05-02,ERT,ERT electrodes,22,0502-E22,-91.58581856,41.66547756,213.189,ERT_021,real,provided_in_source,
2026-05-02,ERT,ERT electrodes,23,0502-E23,-91.58581469,41.66549073,213.234,ERT_022,real,provided_in_source,
2026-05-02,ERT,ERT electrodes,24,0502-E24,-91.58581082,41.66550392,213.278,ERT_023,real,provided_in_source,
2026-05-02,ERT,ERT electrodes,25,0502-E25,-91.58580697,41.66551708,213.323,ERT_024,real,provided_in_source,
2026-05-02,ERT,ERT electrodes,26,0502-E26,-91.58580311,41.66553027,213.368,ERT_025,real,provided_in_source,
2026-05-02,ERT,ERT electrodes,27,0502-E27,-91.58579924,41.66554345,213.412,ERT_026,real,provided_in_source,
2026-05-02,ERT,ERT electrodes,28,0502-E28,-91.58579539,41.66555662,213.457,ERT_027,real,provided_in_source,
2026-05-02,ERT,ERT electrodes,29,0502-E29,-91.58579152,41.66556981,213.502,ERT_028,real,provided_in_source,
2026-05-02,ERT,ERT electrodes,30,0502-E30,-91.58578765,41.66558297,213.546,ERT_029,real,provided_in_source,
2026-05-02,ERT,ERT electrodes,31,0502-E31,-91.5857838,41.66559616,213.591,ERT_030,real,provided_in_source,
2026-05-02,ERT,ERT electrodes,32,0502-E32,-91.58577994,41.66560933,213.636,ERT_031,real,provided_in_source,
2026-05-02,ERT,ERT electrodes,33,0502-E33,-91.58577607,41.66562252,213.681,ERT_032,real,provided_in_source,
2026-05-02,ERT,ERT electrodes,34,0502-E34,-91.58577221,41.66563569,213.725,ERT_033,real,provided_in_source,
2026-05-02,ERT,ERT electrodes,35,0502-E35,-91.58576835,41.66564886,213.77,ERT_034,real,provided_in_source,
2026-05-02,ERT,ERT electrodes,36,0502-E36,-91.58576449,41.66566205,213.815,ERT_035,real,provided_in_source,
2026-05-02,ERT,ERT electrodes,37,0502-E37,-91.58576063,41.66567522,213.859,ERT_036,real,provided_in_source,
2026-05-02,ERT,ERT electrodes,38,0502-E38,-91.58575677,41.6656884,213.904,ERT_037,real,provided_in_source,
2026-05-02,ERT,ERT electrodes,39,0502-E39,-91.5857529,41.66570157,213.949,ERT_038,real,provided_in_source,
2026-05-02,ERT,ERT electrodes,40,0502-E40,-91.58574903,41.66571475,213.994,ERT_039,real,provided_in_source,
2026-05-02,ERT,ERT electrodes,41,0502-E41,-91.58574518,41.66572794,214.038,ERT_040,real,provided_in_source,
2026-05-02,ERT,ERT electrodes,42,0502-E42,-91.58574132,41.66574111,214.083,ERT_041,real,provided_in_source,
2026-05-02,ERT,ERT electrodes,43,0502-E43,-91.58573744,41.66575429,214.128,ERT_042,real,provided_in_source,
2026-05-02,ERT,ERT electrodes,44,0502-E44,-91.58573359,41.66576746,214.172,ERT_043,real,provided_in_source,
2026-05-02,ERT,ERT electrodes,45,0502-E45,-91.58572973,41.66578065,214.217,ERT_044,real,provided_in_source,
2026-05-02,ERT,ERT electrodes,46,0502-E46,-91.58572586,41.66579383,214.262,ERT_045,real,provided_in_source,
2026-05-02,ERT,ERT electrodes,47,0502-E47,-91.58572201,41.66580699,214.306,ERT_046,real,provided_in_source,
2026-05-02,ERT,ERT electrodes,48,0502-E48,-91.58571814,41.66582018,214.351,ERT_047,real,provided_in_source,
2026-05-02,Seismic,Seismic line 1000,01,0502-S1000-01,-91.58587466,41.66514582,204.113,1000_1,real,provided_in_source,
2026-05-02,Seismic,Seismic line 1000,02,0502-S1000-02,-91.58587025,41.66516353,204.133,1000_2,real,provided_in_source,
2026-05-02,Seismic,Seismic line 1000,03,0502-S1000-03,-91.58586584,41.66518124,204.217,1000_3,real,provided_in_source,
2026-05-02,Seismic,Seismic line 1000,04,0502-S1000-04,-91.58586143,41.66519894,204.257,1000_4,real,provided_in_source,
2026-05-02,Seismic,Seismic line 1000,05,0502-S1000-05,-91.58585701,41.66521664,204.317,1000_5,real,provided_in_source,
2026-05-02,Seismic,Seismic line 1000,06,0502-S1000-06,-91.5858526,41.66523435,204.297,1000_6,real,provided_in_source,
2026-05-02,Seismic,Seismic line 1000,07,0502-S1000-07,-91.5858482,41.66525206,204.301,1000_7,real,provided_in_source,
2026-05-02,Seismic,Seismic line 1000,08,0502-S1000-08,-91.58584379,41.66526976,204.341,1000_8,real,provided_in_source,
2026-05-02,Seismic,Seismic line 1000,09,0502-S1000-09,-91.58583938,41.66528746,204.401,1000_9,real,provided_in_source,
2026-05-02,Seismic,Seismic line 1000,10,0502-S1000-10,-91.58583497,41.66530517,204.481,1000_10,real,provided_in_source,
2026-05-02,Seismic,Seismic line 1000,11,0502-S1000-11,-91.58583056,41.66532288,204.53,1000_11,real,provided_in_source,
2026-05-02,Seismic,Seismic line 1000,12,0502-S1000-12,-91.58582615,41.66534058,204.57,1000_12,real,provided_in_source,
2026-05-02,Seismic,Seismic line 1000,13,0502-S1000-13,-91.58582173,41.66535828,204.61,1000_13,real,provided_in_source,
2026-05-02,Seismic,Seismic line 1000,14,0502-S1000-14,-91.58581732,41.66537599,204.63,1000_14,real,provided_in_source,
2026-05-02,Seismic,Seismic line 1000,15,0502-S1000-15,-91.58581291,41.6653937,204.678,1000_15,real,provided_in_source,
2026-05-02,Seismic,Seismic line 1000,16,0502-S1000-16,-91.5858085,41.6654114,204.698,1000_16,real,provided_in_source,
2026-05-02,Seismic,Seismic line 1000,17,0502-S1000-17,-91.58580409,41.6654291,204.738,1000_17,real,provided_in_source,
2026-05-02,Seismic,Seismic line 1000,18,0502-S1000-18,-91.58579969,41.66544681,204.818,1000_18,real,provided_in_source,
2026-05-02,Seismic,Seismic line 1000,19,0502-S1000-19,-91.58579528,41.66546452,204.856,1000_19,real,provided_in_source,
2026-05-02,Seismic,Seismic line 1000,20,0502-S1000-20,-91.58579087,41.66548222,204.856,1000_20,real,provided_in_source,
2026-05-02,Seismic,Seismic line 1000,21,0502-S1000-21,-91.58578646,41.66549992,204.896,1000_21,real,provided_in_source,
2026-05-02,Seismic,Seismic line 1000,22,0502-S1000-22,-91.58578204,41.66551763,204.896,1000_22,real,provided_in_source,
2026-05-02,Seismic,Seismic line 1000,23,0502-S1000-23,-91.58577763,41.66553534,204.914,1000_23,real,provided_in_source,
2026-05-02,Seismic,Seismic line 1000,24,0502-S1000-24,-91.58577322,41.66555304,204.974,1000_24,real,provided_in_source,
2026-05-02,Seismic,Seismic line 1000,25,0502-S1000-25,-91.58576881,41.66557074,204.954,1000_25,real,provided_in_source,
2026-05-02,Seismic,Seismic line 1000,26,0502-S1000-26,-91.5857644,41.66558845,204.994,1000_26,real,provided_in_source,
2026-05-02,Seismic,Seismic line 1000,27,0502-S1000-27,-91.58575999,41.66560616,205.049,1000_27,real,provided_in_source,
2026-05-02,Seismic,Seismic line 1000,28,0502-S1000-28,-91.58575558,41.66562387,205.149,1000_28,real,provided_in_source,
2026-05-02,Seismic,Seismic line 2000,01,0502-S2000-01,-91.58582766,41.66538683,212.646,2000_1,real,provided_in_source,
2026-05-02,Seismic,Seismic line 2000,02,0502-S2000-02,-91.58585105,41.66539092,212.114,2000_2,real,provided_in_source,
2026-05-02,Seismic,Seismic line 2000,03,0502-S2000-03,-91.58587444,41.665395,212.024,2000_3,real,provided_in_source,
2026-05-02,Seismic,Seismic line 2000,04,0502-S2000-04,-91.58589784,41.66539908,212.752,2000_4,real,provided_in_source,
2026-05-02,Seismic,Seismic line 2000,05,0502-S2000-05,-91.58592123,41.66540317,213.44,2000_5,real,provided_in_source,
2026-05-02,Seismic,Seismic line 2000,06,0502-S2000-06,-91.58594462,41.66540726,213.895,2000_6,real,provided_in_source,
2026-05-02,Seismic,Seismic line 2000,07,0502-S2000-07,-91.58596802,41.66541134,213.607,2000_7,real,provided_in_source,
2026-05-02,Seismic,Seismic line 2000,08,0502-S2000-08,-91.58599141,41.66541543,213.32,2000_8,real,provided_in_source,
2026-05-02,Seismic,Seismic line 2000,09,0502-S2000-09,-91.5860148,41.66541952,213.248,2000_9,real,provided_in_source,
2026-05-02,Seismic,Seismic line 2000,10,0502-S2000-10,-91.5860382,41.66542361,213.195,2000_10,real,provided_in_source,
2026-05-02,Seismic,Seismic line 2000,11,0502-S2000-11,-91.58606159,41.66542769,213.168,2000_11,real,provided_in_source,
2026-05-02,Seismic,Seismic line 2000,12,0502-S2000-12,-91.58608498,41.66543178,213.141,2000_12,real,provided_in_source,
2026-05-02,Seismic,Seismic line 2000,13,0502-S2000-13,-91.58610838,41.66543586,212.824,2000_13,real,provided_in_source,
2026-05-02,Seismic,Seismic line 2000,14,0502-S2000-14,-91.58613177,41.66543995,212.496,2000_14,real,provided_in_source,
2026-05-02,Seismic,Seismic line 2000,15,0502-S2000-15,-91.58615516,41.66544403,212.838,2000_15,real,provided_in_source,
2026-05-02,Seismic,Seismic line 2000,16,0502-S2000-16,-91.58617856,41.66544812,213.264,2000_16,real,provided_in_source,
2026-05-02,Seismic,Seismic line 2000,17,0502-S2000-17,-91.58620195,41.66545221,213.356,2000_17,real,provided_in_source,
2026-05-02,Seismic,Seismic line 2000,18,0502-S2000-18,-91.58622534,41.6654563,213.427,2000_18,real,provided_in_source,
2026-05-02,Seismic,Seismic line 2000,19,0502-S2000-19,-91.58624875,41.66546038,213.478,2000_19,real,provided_in_source,
2026-05-02,Seismic,Seismic line 2000,20,0502-S2000-20,-91.58627214,41.66546447,212.845,2000_20,real,provided_in_source,
2026-05-02,Seismic,Seismic line 2000,21,0502-S2000-21,-91.58629553,41.66546856,212.263,2000_21,real,provided_in_source,
2026-05-02,Seismic,Seismic line 2000,22,0502-S2000-22,-91.58631893,41.66547264,212.263,2000_22,real,provided_in_source,
2026-05-02,Seismic,Seismic line 2000,23,0502-S2000-23,-91.58634232,41.66547672,212.263,2000_23,real,provided_in_source,
2026-05-02,Seismic,Seismic line 2000,24,0502-S2000-24,-91.58636571,41.66548081,212.263,2000_24,real,provided_in_source,
2026-05-02,Seismic,Seismic line 2000,25,0502-S2000-25,-91.58638911,41.6654849,212.263,2000_25,real,provided_in_source,
2026-05-02,Seismic,Seismic line 2000,26,0502-S2000-26,-91.5864125,41.66548898,212.263,2000_26,real,provided_in_source,
2026-05-02,Seismic,Seismic line 2000,27,0502-S2000-27,-91.58643589,41.66549307,212.263,2000_27,real,provided_in_source,
2026-05-02,Seismic,Seismic line 2000,28,0502-S2000-28,-91.58645929,41.66549716,212.263,2000_28,real,provided_in_source,
2026-05-02,EM,EM line 1,L1-01,0502-EM1-01,-91.58685765,41.66546682,216.3,line 1_1,real,provided_in_source,
2026-05-02,EM,EM line 1,L1-02,0502-EM1-02,-91.58686266,41.66552483,216.27,line 1_2,real,provided_in_source,
2026-05-02,EM,EM line 1,L1-03,0502-EM1-03,-91.58686966,41.66557382,214.73,line 1_3,real,provided_in_source,
2026-05-02,EM,EM line 1,L1-04,0502-EM1-04,-91.58688065,41.66561082,215.95,line 1_4,real,provided_in_source,
2026-05-02,EM,EM line 1,L1-05,0502-EM1-05,-91.58689165,41.66565983,216.92,line 1_5,real,provided_in_source,
2026-05-02,EM,EM line 1,L1-06,0502-EM1-06,-91.58689265,41.66570583,217.54,line 1_6,real,provided_in_source,
2026-05-02,EM,EM line 1,L1-07,0502-EM1-07,-91.58690366,41.66573682,217.61,line 1_7,real,provided_in_source,
2026-05-02,EM,EM line 1,L1-08,0502-EM1-08,-91.58690766,41.66578382,217.4,line 1_8,real,provided_in_source,
2026-05-02,EM,EM line 1,L1-09,0502-EM1-09,-91.58692566,41.66581782,217.69,line 1_9,real,provided_in_source,
2026-05-02,EM,EM line 1,L1-10,0502-EM1-10,-91.58693266,41.66586382,217.75,line 1_10,real,provided_in_source,
2026-05-02,EM,EM line 1,L1-11,0502-EM1-11,-91.58693566,41.66591382,217.77,line 1_11,real,provided_in_source,
2026-05-02,EM,EM line 1,L1-12,0502-EM1-12,-91.58694767,41.66595582,217.82,line 1_12,real,provided_in_source,
2026-05-02,EM,EM line 1,L1-13,0502-EM1-13,-91.58696366,41.66601483,219.03,line 1_13,real,provided_in_source,
2026-05-02,EM,EM line 1,L1-14,0502-EM1-14,-91.58696966,41.66605483,219.41,line 1_14,real,provided_in_source,
2026-05-02,EM,EM line 1,L1-15,0502-EM1-15,-91.58697266,41.66607982,219.41,line 1_15,real,provided_in_source,
2026-05-02,EM,EM line 2,L2-01,0502-EM2-01,-91.58702966,41.66609083,218.69,line 2_1,real,provided_in_source,
2026-05-02,EM,EM line 2,L2-02,0502-EM2-02,-91.58702466,41.66606083,218.18,line 2_2,real,provided_in_source,
2026-05-02,EM,EM line 2,L2-03,0502-EM2-03,-91.58700366,41.66602082,218.52,line 2_3,real,provided_in_source,
2026-05-02,EM,EM line 2,L2-04,0502-EM2-04,-91.58699566,41.66597682,218.11,line 2_4,real,provided_in_source,
2026-05-02,EM,EM line 2,L2-05,0502-EM2-05,-91.58699465,41.66594983,217.91,line 2_5,real,provided_in_source,
2026-05-02,EM,EM line 2,L2-06,0502-EM2-06,-91.58698566,41.66590083,217.55,line 2_6,real,provided_in_source,
2026-05-02,EM,EM line 2,L2-07,0502-EM2-07,-91.58697566,41.66585782,217.15,line 2_7,real,provided_in_source,
2026-05-02,EM,EM line 2,L2-08,0502-EM2-08,-91.58697866,41.66580183,216.78,line 2_8,real,provided_in_source,
2026-05-02,EM,EM line 2,L2-09,0502-EM2-09,-91.58697166,41.66575982,213.67,line 2_9,real,provided_in_source,
2026-05-02,EM,EM line 2,L2-10,0502-EM2-10,-91.58696366,41.66571382,216.17,line 2_10,real,provided_in_source,
2026-05-02,EM,EM line 2,L2-11,0502-EM2-11,-91.58695066,41.66567282,215.52,line 2_11,real,provided_in_source,
2026-05-02,EM,EM line 2,L2-12,0502-EM2-12,-91.58694266,41.66562982,215.7,line 2_12,real,provided_in_source,
2026-05-02,EM,EM line 2,L2-13,0502-EM2-13,-91.58693966,41.66559282,214.62,line 2_13,real,provided_in_source,
2026-05-02,EM,EM line 2,L2-14,0502-EM2-14,-91.58692266,41.66553882,214.27,line 2_14,real,provided_in_source,
2026-05-02,EM,EM line 2,L2-15,0502-EM2-15,-91.58691466,41.66549882,214.71,line 2_15,real,provided_in_source,
2026-05-02,EM,EM line 2,L2-16,0502-EM2-16,-91.58691266,41.66546682,214.74,line 2_16,real,provided_in_source,
2026-05-02,EM,EM line 3,L3-01,0502-EM3-01,-91.58698366,41.66546882,215.23,line 3_1,real,provided_in_source,
2026-05-02,EM,EM line 3,L3-02,0502-EM3-02,-91.58699665,41.66550082,215.73,line 3_2,real,provided_in_source,
2026-05-02,EM,EM line 3,L3-03,0502-EM3-03,-91.58699166,41.66553582,217.28,line 3_3,real,provided_in_source,
2026-05-02,EM,EM line 3,L3-04,0502-EM3-04,-91.58699866,41.66555183,218.16,line 3_4,real,provided_in_source,
2026-05-02,EM,EM line 3,L3-05,0502-EM3-05,-91.58701666,41.66558382,218.12,line 3_5,real,provided_in_source,
2026-05-02,EM,EM line 3,L3-06,0502-EM3-06,-91.58702366,41.66563982,217.82,line 3_6,real,provided_in_source,
2026-05-02,EM,EM line 3,L3-07,0502-EM3-07,-91.58703167,41.66569482,218.52,line 3_7,real,provided_in_source,
2026-05-02,EM,EM line 3,L3-08,0502-EM3-08,-91.58702766,41.66572483,218.57,line 3_8,real,provided_in_source,
2026-05-02,EM,EM line 3,L3-09,0502-EM3-09,-91.58703365,41.66576483,218.58,line 3_9,real,provided_in_source,
2026-05-02,EM,EM line 3,L3-10,0502-EM3-10,-91.58703466,41.66581182,218.72,line 3_10,real,provided_in_source,
2026-05-02,EM,EM line 3,L3-11,0502-EM3-11,-91.58704166,41.66583983,218.54,line 3_11,real,provided_in_source,
2026-05-02,EM,EM line 3,L3-12,0502-EM3-12,-91.58704167,41.66588183,219.49,line 3_12,real,provided_in_source,
2026-05-02,EM,EM line 3,L3-13,0502-EM3-13,-91.58705866,41.66592882,220,line 3_13,real,provided_in_source,
2026-05-02,EM,EM line 3,L3-14,0502-EM3-14,-91.58706466,41.66597782,219.63,line 3_14,real,provided_in_source,
2026-05-02,EM,EM line 3,L3-15,0502-EM3-15,-91.58707367,41.66602682,219.59,line 3_15,real,provided_in_source,
2026-05-02,EM,EM line 3,L3-16,0502-EM3-16,-91.58708465,41.66607082,219.59,line 3_16,real,provided_in_source,
2026-05-02,EM,EM line 4,L4-01,0502-EM4-01,-91.58715266,41.66613682,207.56,line 4_1,real,provided_in_source,elevation_differs_from_neighboring_line_interpolation
2026-05-02,EM,EM line 4,L4-02,0502-EM4-02,-91.58716166,41.66607382,211.4466926,line 4_2,real,interpolated_from_neighboring_em_points,interpolated_elevation
2026-05-02,EM,EM line 4,L4-03,0502-EM4-03,-91.58716066,41.66601282,211.3835308,line 4_3,real,interpolated_from_neighboring_em_points,interpolated_elevation
2026-05-02,EM,EM line 4,L4-04,0502-EM4-04,-91.58715466,41.66595282,211.2135981,line 4_4,real,interpolated_from_neighboring_em_points,interpolated_elevation
2026-05-02,EM,EM line 4,L4-05,0502-EM4-05,-91.58714966,41.66590182,211.8584422,line 4_5,real,interpolated_from_neighboring_em_points,interpolated_elevation
2026-05-02,EM,EM line 4,L4-06,0502-EM4-06,-91.58715466,41.66584483,210.9810087,line 4_6,real,interpolated_from_neighboring_em_points,interpolated_elevation
2026-05-02,EM,EM line 4,L4-07,0502-EM4-07,-91.58715266,41.66579682,209.963569,line 4_7,real,interpolated_from_neighboring_em_points,interpolated_elevation
2026-05-02,EM,EM line 4,L4-08,0502-EM4-08,-91.58714366,41.66573483,211.3961476,line 4_8,real,interpolated_from_neighboring_em_points,interpolated_elevation
2026-05-02,EM,EM line 4,L4-09,0502-EM4-09,-91.58713765,41.66568282,211.526198,line 4_9,real,interpolated_from_neighboring_em_points,interpolated_elevation
2026-05-02,EM,EM line 4,L4-10,0502-EM4-10,-91.58712166,41.66562482,212.2909358,line 4_10,real,interpolated_from_neighboring_em_points,interpolated_elevation
2026-05-02,EM,EM line 4,L4-11,0502-EM4-11,-91.58712165,41.66557682,212.3306368,line 4_11,real,interpolated_from_neighboring_em_points,interpolated_elevation
2026-05-02,EM,EM line 4,L4-12,0502-EM4-12,-91.58712667,41.66552782,212.814145,line 4_12,real,interpolated_from_neighboring_em_points,interpolated_elevation
2026-05-02,EM,EM line 4,L4-13,0502-EM4-13,-91.58712766,41.66548582,213.0282963,line 4_13,real,interpolated_from_neighboring_em_points,interpolated_elevation
2026-05-02,EM,EM line 4,L4-14,0502-EM4-14,-91.58712666,41.66545482,213.8614308,line 4_14,real,interpolated_from_neighboring_em_points,interpolated_elevation
2026-05-02,EM,EM line 5,L5-01,0502-EM5-01,-91.58726166,41.66552482,206.43,line 5_1,real,provided_in_source,
2026-05-02,EM,EM line 5,L5-02,0502-EM5-02,-91.58725066,41.66556582,204.7,line 5_2,real,provided_in_source,
2026-05-02,EM,EM line 5,L5-03,0502-EM5-03,-91.58724266,41.66561182,205.03,line 5_3,real,provided_in_source,
2026-05-02,EM,EM line 5,L5-04,0502-EM5-04,-91.58724566,41.66563882,205,line 5_4,real,provided_in_source,
2026-05-02,EM,EM line 5,L5-05,0502-EM5-05,-91.58724167,41.66570082,205,line 5_5,real,provided_in_source,
2026-05-02,EM,EM line 5,L5-06,0502-EM5-06,-91.58724166,41.66573082,205,line 5_6,real,provided_in_source,
2026-05-02,EM,EM line 5,L5-07,0502-EM5-07,-91.58724067,41.66578282,205.91,line 5_7,real,provided_in_source,
2026-05-02,EM,EM line 5,L5-08,0502-EM5-08,-91.58723166,41.66583282,205.91,line 5_8,real,provided_in_source,
2026-05-02,EM,EM line 5,L5-09,0502-EM5-09,-91.58722966,41.66588282,206.08,line 5_9,real,provided_in_source,
2026-05-02,EM,EM line 5,L5-10,0502-EM5-10,-91.58722866,41.66593082,206.08,line 5_10,real,provided_in_source,
2026-05-02,EM,EM line 5,L5-11,0502-EM5-11,-91.58722566,41.66597482,207.08,line 5_11,real,provided_in_source,
2026-05-02,EM,EM line 5,L5-12,0502-EM5-12,-91.58722566,41.66601482,207.46,line 5_12,real,provided_in_source,
2026-05-02,EM,EM line 5,L5-13,0502-EM5-13,-91.58721966,41.66604582,209.23,line 5_13,real,provided_in_source,
2026-05-02,EM,EM line 5,L5-14,0502-EM5-14,-91.58721965,41.66608182,209.23,line 5_14,real,provided_in_source,
2026-05-02,EM,EM line 5,L5-15,0502-EM5-15,-91.58722066,41.66610382,209.23,line 5_15,real,provided_in_source,
2026-05-02,EM,EM line 6,L6-01,0502-EM6-01,-91.58730365,41.66612783,209.44,line 6_1,real,provided_in_source,
2026-05-02,EM,EM line 6,L6-02,0502-EM6-02,-91.58730266,41.66607683,209.79,line 6_2,real,provided_in_source,
2026-05-02,EM,EM line 6,L6-03,0502-EM6-03,-91.58730966,41.66605583,209.53,line 6_3,real,provided_in_source,
2026-05-02,EM,EM line 6,L6-04,0502-EM6-04,-91.58731566,41.66603382,208.97,line 6_4,real,provided_in_source,
2026-05-02,EM,EM line 6,L6-05,0502-EM6-05,-91.58732266,41.66599182,208.3,line 6_5,real,provided_in_source,
2026-05-02,EM,EM line 6,L6-06,0502-EM6-06,-91.58733466,41.66594482,208.49,line 6_6,real,provided_in_source,
2026-05-02,EM,EM line 6,L6-07,0502-EM6-07,-91.58733467,41.66588682,208.44,line 6_7,real,provided_in_source,
2026-05-02,EM,EM line 6,L6-08,0502-EM6-08,-91.58734066,41.66584683,208.13,line 6_8,real,provided_in_source,
2026-05-02,EM,EM line 6,L6-09,0502-EM6-09,-91.58734266,41.66581582,207.6,line 6_9,real,provided_in_source,
2026-05-02,EM,EM line 6,L6-10,0502-EM6-10,-91.58735066,41.66577482,207.56,line 6_10,real,provided_in_source,
2026-05-02,EM,EM line 6,L6-11,0502-EM6-11,-91.58735066,41.66574182,207.08,line 6_11,real,provided_in_source,
2026-05-02,EM,EM line 6,L6-12,0502-EM6-12,-91.58735067,41.66569782,206.7,line 6_12,real,provided_in_source,
2026-05-02,EM,EM line 6,L6-13,0502-EM6-13,-91.58734965,41.66566383,206.12,line 6_13,real,provided_in_source,
2026-05-02,EM,EM line 6,L6-14,0502-EM6-14,-91.58734867,41.66562282,205.96,line 6_14,real,provided_in_source,
2026-05-02,EM,EM line 6,L6-15,0502-EM6-15,-91.58735566,41.66558082,205.32,line 6_15,real,provided_in_source,
2026-05-02,EM,EM line 6,L6-16,0502-EM6-16,-91.58736266,41.66555082,205.32,line 6_16,real,provided_in_source,
2026-05-02,EM,EM line 7,L7-01,0502-EM7-01,-91.58759767,41.66557282,208.32,line 7_1,real,provided_in_source,
2026-05-02,EM,EM line 7,L7-02,0502-EM7-02,-91.58759866,41.66556982,207.37,line 7_2,real,provided_in_source,
2026-05-02,EM,EM line 7,L7-03,0502-EM7-03,-91.58759466,41.66559382,207.46,line 7_3,real,provided_in_source,
2026-05-02,EM,EM line 7,L7-04,0502-EM7-04,-91.58760766,41.66565082,207.45,line 7_4,real,provided_in_source,
2026-05-02,EM,EM line 7,L7-05,0502-EM7-05,-91.58759566,41.66568582,207.36,line 7_5,real,provided_in_source,
2026-05-02,EM,EM line 7,L7-06,0502-EM7-06,-91.58755366,41.66578682,206.39,line 7_6,real,provided_in_source,
2026-05-02,EM,EM line 7,L7-07,0502-EM7-07,-91.58754266,41.66582682,206.39,line 7_7,real,provided_in_source,
2026-05-02,EM,EM line 7,L7-08,0502-EM7-08,-91.58754666,41.66586082,206.39,line 7_8,real,provided_in_source,
2026-05-02,EM,EM line 7,L7-09,0502-EM7-09,-91.58753866,41.66589882,206.5,line 7_9,real,provided_in_source,
2026-05-02,EM,EM line 7,L7-10,0502-EM7-10,-91.58753266,41.66594382,207.35,line 7_10,real,provided_in_source,
2026-05-02,EM,EM line 7,L7-11,0502-EM7-11,-91.58752965,41.66598282,206.91,line 7_11,real,provided_in_source,
2026-05-02,EM,EM line 7,L7-12,0502-EM7-12,-91.58752166,41.66603183,208.06,line 7_12,real,provided_in_source,
2026-05-02,EM,EM line 7,L7-13,0502-EM7-13,-91.58752067,41.66608082,208.01,line 7_13,real,provided_in_source,
2026-05-02,EM,EM line 7,L7-14,0502-EM7-14,-91.58750266,41.66612882,209.06,line 7_14,real,provided_in_source,
2026-05-02,EM,EM line 7,L7-15,0502-EM7-15,-91.58750666,41.66617582,208.95,line 7_15,real,provided_in_source,
2026-05-02,EM,EM line 7,L7-16,0502-EM7-16,-91.58749966,41.66620982,209.2,line 7_16,real,provided_in_source,
2026-05-02,EM,EM line 7,L7-17,0502-EM7-17,-91.58749466,41.66625182,209.73,line 7_17,real,provided_in_source,
2026-05-02,EM,EM line 7,L7-18,0502-EM7-18,-91.58747466,41.66628782,209.84,line 7_18,real,provided_in_source,
2026-05-02,EM,EM line 7,L7-19,0502-EM7-19,-91.58745466,41.66634282,208.98,line 7_19,real,provided_in_source,
2026-05-02,EM,EM line 7,L7-20,0502-EM7-20,-91.58744966,41.66636383,209.16,line 7_20,real,provided_in_source,
2026-05-02,EM,EM line 8,L8-01,0502-EM8-01,-91.58756666,41.66638582,208.25,line 8_1,real,provided_in_source,
2026-05-02,EM,EM line 8,L8-02,0502-EM8-02,-91.58757666,41.66631182,209.15,line 8_2,real,provided_in_source,
2026-05-02,EM,EM line 8,L8-03,0502-EM8-03,-91.58756266,41.66624882,210.31,line 8_3,real,provided_in_source,
2026-05-02,EM,EM line 8,L8-04,0502-EM8-04,-91.58757066,41.66621482,208.72,line 8_4,real,provided_in_source,
2026-05-02,EM,EM line 8,L8-05,0502-EM8-05,-91.58757666,41.66617182,208.9,line 8_5,real,provided_in_source,
2026-05-02,EM,EM line 8,L8-06,0502-EM8-06,-91.58758766,41.66612782,209.24,line 8_6,real,provided_in_source,
2026-05-02,EM,EM line 8,L8-07,0502-EM8-07,-91.58760466,41.66608382,209.11,line 8_7,real,provided_in_source,
2026-05-02,EM,EM line 8,L8-08,0502-EM8-08,-91.58762166,41.66605283,208.7,line 8_8,real,provided_in_source,
2026-05-02,EM,EM line 8,L8-09,0502-EM8-09,-91.58762766,41.66601783,208.65,line 8_9,real,provided_in_source,
2026-05-02,EM,EM line 8,L8-10,0502-EM8-10,-91.58762966,41.66596983,208.39,line 8_10,real,provided_in_source,
2026-05-02,EM,EM line 8,L8-11,0502-EM8-11,-91.58763467,41.66592982,208.05,line 8_11,real,provided_in_source,
2026-05-02,EM,EM line 8,L8-12,0502-EM8-12,-91.58764267,41.66589682,207.74,line 8_12,real,provided_in_source,
2026-05-02,EM,EM line 8,L8-13,0502-EM8-13,-91.58763966,41.66582082,207.4,line 8_13,real,provided_in_source,
2026-05-02,EM,EM line 8,L8-14,0502-EM8-14,-91.58764666,41.66578082,206.84,line 8_14,real,provided_in_source,
2026-05-02,EM,EM line 8,L8-15,0502-EM8-15,-91.58765466,41.66573782,207.27,line 8_15,real,provided_in_source,
2026-05-02,EM,EM line 8,L8-16,0502-EM8-16,-91.58766466,41.66570082,206.63,line 8_16,real,provided_in_source,
2026-05-02,EM,EM line 8,L8-17,0502-EM8-17,-91.58767566,41.66565783,205.94,line 8_17,real,provided_in_source,
2026-05-02,EM,EM line 8,L8-18,0502-EM8-18,-91.58768666,41.66561582,205.3,line 8_18,real,provided_in_source,
2026-05-02,EM,EM line 9,L9-01,0502-EM9-01,-91.58778266,41.66564982,206.66,line 9_1,real,provided_in_source,duplicate_position
2026-05-02,EM,EM line 9,L9-02,0502-EM9-02,-91.58778266,41.66564982,206.66,line 9_2,real,provided_in_source,duplicate_position
2026-05-02,EM,EM line 9,L9-03,0502-EM9-03,-91.58778265,41.66570482,208.88,line 9_3,real,provided_in_source,
2026-05-02,EM,EM line 9,L9-04,0502-EM9-04,-91.58777366,41.66574982,208.68,line 9_4,real,provided_in_source,
2026-05-02,EM,EM line 9,L9-05,0502-EM9-05,-91.58776366,41.66578782,208.2,line 9_5,real,provided_in_source,
2026-05-02,EM,EM line 9,L9-06,0502-EM9-06,-91.58776166,41.66582582,208.08,line 9_6,real,provided_in_source,
2026-05-02,EM,EM line 9,L9-07,0502-EM9-07,-91.58775666,41.66587382,209.03,line 9_7,real,provided_in_source,
2026-05-02,EM,EM line 9,L9-08,0502-EM9-08,-91.58774966,41.66590882,209.14,line 9_8,real,provided_in_source,
2026-05-02,EM,EM line 9,L9-09,0502-EM9-09,-91.58774266,41.66596882,209.6,line 9_9,real,provided_in_source,
2026-05-02,EM,EM line 9,L9-10,0502-EM9-10,-91.58775366,41.66601583,210.1,line 9_10,real,provided_in_source,
2026-05-02,EM,EM line 9,L9-11,0502-EM9-11,-91.58774667,41.66604182,210.8,line 9_11,real,provided_in_source,
2026-05-02,EM,EM line 9,L9-12,0502-EM9-12,-91.58774966,41.66608782,210.99,line 9_12,real,provided_in_source,
2026-05-02,EM,EM line 9,L9-13,0502-EM9-13,-91.58773966,41.66612182,211.05,line 9_13,real,provided_in_source,
2026-05-02,EM,EM line 9,L9-14,0502-EM9-14,-91.58773766,41.66615982,211.05,line 9_14,real,provided_in_source,
2026-05-02,EM,EM line 9,L9-15,0502-EM9-15,-91.58773366,41.66621382,211.56,line 9_15,real,provided_in_source,
2026-05-02,EM,EM line 9,L9-16,0502-EM9-16,-91.58771766,41.66626482,211.51,line 9_16,real,provided_in_source,
2026-05-02,EM,EM line 9,L9-17,0502-EM9-17,-91.58771066,41.66629782,212.2,line 9_17,real,provided_in_source,
2026-05-02,EM,EM line 9,L9-18,0502-EM9-18,-91.58772066,41.66633182,212.37,line 9_18,real,provided_in_source,
2026-05-02,EM,EM line 9,L9-19,0502-EM9-19,-91.58770966,41.66638082,212.41,line 9_19,real,provided_in_source,
2026-05-02,EM,EM line 9,L9-20,0502-EM9-20,-91.58770166,41.66644082,212.32,line 9_20,real,provided_in_source,
2026-05-02,EM,EM line 9,L9-21,0502-EM9-21,-91.58769566,41.66648782,212.31,line 9_21,real,provided_in_source,
2026-05-02,EM,EM line 9,L9-22,0502-EM9-22,-91.58768765,41.66653682,212.41,line 9_22,real,provided_in_source,
2026-06-25,ERT,ERT electrodes 267-314,267,0625-E267,-91.585852,41.665161,202.22,0267,real,provided_in_source,
2026-06-25,ERT,ERT electrodes 267-314,268,0625-E268,-91.585856,41.665167,203.19,0268,real,provided_in_source,
2026-06-25,ERT,ERT electrodes 267-314,269,0625-E269,-91.585853,41.665177,203.19,0269,real,provided_in_source,
2026-06-25,ERT,ERT electrodes 267-314,270,0625-E270,-91.585851,41.665195,203.19,0270,real,provided_in_source,
2026-06-25,ERT,ERT electrodes 267-314,271,0625-E271,-91.585846,41.665206,203.29,0271,real,provided_in_source,
2026-06-25,ERT,ERT electrodes 267-314,272,0625-E272,-91.585843,41.665216,203.29,0272,real,provided_in_source,
2026-06-25,ERT,ERT electrodes 267-314,273,0625-E273,-91.585844,41.665224,203.29,0273,real,provided_in_source,
2026-06-25,ERT,ERT electrodes 267-314,274,0625-E274,-91.585839,41.665232,203.29,0274,real,provided_in_source,
2026-06-25,ERT,ERT electrodes 267-314,275,0625-E275,-91.585841,41.665241,203.25,0275,real,provided_in_source,
2026-06-25,ERT,ERT electrodes 267-314,276,0625-E276,-91.585845,41.66525,202.95,0276,real,provided_in_source,
2026-06-25,ERT,ERT electrodes 267-314,277,0625-E277,-91.585846,41.665258,202.95,0277,real,provided_in_source,
2026-06-25,ERT,ERT electrodes 267-314,278,0625-E278,-91.585845,41.665262,202.95,0278,real,provided_in_source,
2026-06-25,ERT,ERT electrodes 267-314,279,0625-E279,-91.58584,41.665278,202.95,0279,real,provided_in_source,
2026-06-25,ERT,ERT electrodes 267-314,280,0625-E280,-91.585835,41.665288,202.95,0280,real,provided_in_source,
2026-06-25,ERT,ERT electrodes 267-314,281,0625-E281,-91.585831,41.665299,202.95,0281,real,provided_in_source,
2026-06-25,ERT,ERT electrodes 267-314,282,0625-E282,-91.585816,41.665318,202.95,0282,real,provided_in_source,
2026-06-25,ERT,ERT electrodes 267-314,283,0625-E283,-91.585813,41.665327,201.21,0283,real,provided_in_source,
2026-06-25,ERT,ERT electrodes 267-314,284,0625-E284,-91.585812,41.665344,201.21,0284,real,provided_in_source,
2026-06-25,ERT,ERT electrodes 267-314,285,0625-E285,-91.58581,41.665358,201.21,0285,real,provided_in_source,
2026-06-25,ERT,ERT electrodes 267-314,286,0625-E286,-91.585808,41.66537,201.21,0286,real,provided_in_source,
2026-06-25,ERT,ERT electrodes 267-314,287,0625-E287,-91.585806,41.665374,201.21,0287,real,provided_in_source,
2026-06-25,ERT,ERT electrodes 267-314,288,0625-E288,-91.585803,41.665388,201.21,0288,real,provided_in_source,
2026-06-25,ERT,ERT electrodes 267-314,289,0625-E289,-91.585801,41.665405,201.21,0289,real,provided_in_source,
2026-06-25,ERT,ERT electrodes 267-314,290,0625-E290,-91.585803,41.66542,201.21,0290,real,provided_in_source,
2026-06-25,ERT,ERT electrodes 267-314,291,0625-E291,-91.585799,41.665427,201.21,0291,real,provided_in_source,
2026-06-25,ERT,ERT electrodes 267-314,292,0625-E292,-91.585802,41.665436,201.21,0292,real,provided_in_source,
2026-06-25,ERT,ERT electrodes 267-314,293,0625-E293,-91.585796,41.66545,201.21,0293,real,provided_in_source,
2026-06-25,ERT,ERT electrodes 267-314,294,0625-E294,-91.585793,41.665457,201.21,0294,real,provided_in_source,
2026-06-25,ERT,ERT electrodes 267-314,295,0625-E295,-91.585792,41.665467,201.21,0295,real,provided_in_source,
2026-06-25,ERT,ERT electrodes 267-314,296,0625-E296,-91.585787,41.665478,201.21,0296,real,provided_in_source,
2026-06-25,ERT,ERT electrodes 267-314,297,0625-E297,-91.585783,41.665495,201.21,0297,real,provided_in_source,
2026-06-25,ERT,ERT electrodes 267-314,298,0625-E298,-91.585785,41.665509,201.21,0298,real,provided_in_source,
2026-06-25,ERT,ERT electrodes 267-314,299,0625-E299,-91.585787,41.665529,201.21,0299,real,provided_in_source,
2026-06-25,ERT,ERT electrodes 267-314,300,0625-E300,-91.585787,41.665542,201.21,0300,real,provided_in_source,
2026-06-25,ERT,ERT electrodes 267-314,301,0625-E301,-91.585787,41.665551,201.21,0301,real,provided_in_source,
2026-06-25,ERT,ERT electrodes 267-314,302,0625-E302,-91.585783,41.665568,201.21,0302,real,provided_in_source,
2026-06-25,ERT,ERT electrodes 267-314,303,0625-E303,-91.585778,41.665582,201.21,0303,real,provided_in_source,
2026-06-25,ERT,ERT electrodes 267-314,304,0625-E304,-91.585777,41.66559,201.21,0304,real,provided_in_source,
2026-06-25,ERT,ERT electrodes 267-314,305,0625-E305,-91.585776,41.665598,201.21,0305,real,provided_in_source,
2026-06-25,ERT,ERT electrodes 267-314,306,0625-E306,-91.585774,41.665614,201.21,0306,real,provided_in_source,
2026-06-25,ERT,ERT electrodes 267-314,307,0625-E307,-91.58577,41.665622,201.21,0307,real,provided_in_source,
2026-06-25,ERT,ERT electrodes 267-314,308,0625-E308,-91.585773,41.665636,201.21,0308,real,provided_in_source,
2026-06-25,ERT,ERT electrodes 267-314,309,0625-E309,-91.585773,41.665651,201.21,0309,real,provided_in_source,
2026-06-25,ERT,ERT electrodes 267-314,310,0625-E310,-91.585772,41.665664,201.21,0310,real,provided_in_source,
2026-06-25,ERT,ERT electrodes 267-314,311,0625-E311,-91.585775,41.665674,201.21,0311,real,provided_in_source,
2026-06-25,ERT,ERT electrodes 267-314,312,0625-E312,-91.585774,41.665689,201.21,0312,real,provided_in_source,
2026-06-25,ERT,ERT electrodes 267-314,313,0625-E313,-91.585773,41.665701,201.21,0313,real,provided_in_source,
2026-06-25,ERT,ERT electrodes 267-314,314,0625-E314,-91.585775,41.665714,201.21,0314,real,provided_in_source,
